timeStamp,elapsed,label,responseCode,responseMessage,threadName,dataType,success,failureMessage,bytes,sentBytes,grpThreads,allThreads,URL,Latency,IdleTime,Connect
1659068343788,1138,allpages,200,OK,Thread Group 1-1,text,true,,53180,133,7,7,http://www.bsmrstu.edu.bd/dev/notice/,634,0,286
1659068343788,1240,allpages,200,OK,Thread Group 1-2,text,true,,53007,133,8,8,http://www.bsmrstu.edu.bd/dev/notice/,670,0,309
1659068343999,1117,allpages,200,OK,Thread Group 1-3,text,true,,52702,133,8,8,http://www.bsmrstu.edu.bd/dev/notice/,604,0,247
1659068344195,1161,allpages,200,OK,Thread Group 1-4,text,true,,52538,133,9,9,http://www.bsmrstu.edu.bd/dev/notice/,609,0,267
1659068344395,1158,allpages,200,OK,Thread Group 1-5,text,true,,52937,133,10,10,http://www.bsmrstu.edu.bd/dev/notice/,608,0,277
1659068344587,1081,allpages,200,OK,Thread Group 1-6,text,true,,52841,133,10,10,http://www.bsmrstu.edu.bd/dev/notice/,555,0,247
1659068344788,1183,allpages,200,OK,Thread Group 1-7,text,true,,52441,133,10,10,http://www.bsmrstu.edu.bd/dev/notice/,624,0,273
1659068344984,1176,allpages,200,OK,Thread Group 1-8,text,true,,53497,133,10,10,http://www.bsmrstu.edu.bd/dev/notice/,630,0,283
1659068344935,1593,home,200,OK,Thread Group 1-1,text,true,,195695,124,10,10,http://www.bsmrstu.edu.bd/s/,320,0,0
1659068345182,1372,allpages,200,OK,Thread Group 1-9,text,true,,52947,133,10,10,http://www.bsmrstu.edu.bd/dev/notice/,620,0,278
1659068345385,1396,allpages,200,OK,Thread Group 1-10,text,true,,52654,133,10,10,http://www.bsmrstu.edu.bd/dev/notice/,584,0,257
1659068346530,433,cse,200,OK,Thread Group 1-1,text,false,Test failed: text expected to contain /20/,10164,138,10,10,http://www.bsmrstu.edu.bd/dev/dept/?id=cse,433,0,0
1659068345117,1846,home,200,OK,Thread Group 1-3,text,true,,195695,124,10,10,http://www.bsmrstu.edu.bd/s/,330,0,0
1659068345032,2077,home,200,OK,Thread Group 1-2,text,true,,195713,124,10,10,http://www.bsmrstu.edu.bd/s/,373,0,0
1659068345358,1831,home,200,OK,Thread Group 1-4,text,true,,195695,124,10,10,http://www.bsmrstu.edu.bd/s/,345,0,0
1659068346964,451,eee,200,OK,Thread Group 1-1,text,true,,10824,138,10,10,http://www.bsmrstu.edu.bd/dev/dept/?id=eee,402,0,0
1659068346971,471,cse,200,OK,Thread Group 1-3,text,false,Test failed: text expected to contain /20/,10176,138,10,10,http://www.bsmrstu.edu.bd/dev/dept/?id=cse,448,0,0
1659068347112,431,cse,200,OK,Thread Group 1-2,text,false,Test failed: text expected to contain /20/,10178,138,10,10,http://www.bsmrstu.edu.bd/dev/dept/?id=cse,412,0,0
1659068347191,464,cse,200,OK,Thread Group 1-4,text,false,Test failed: text expected to contain /20/,10312,138,10,10,http://www.bsmrstu.edu.bd/dev/dept/?id=cse,452,0,0
1659068345554,2163,home,200,OK,Thread Group 1-5,text,true,,195695,124,10,10,http://www.bsmrstu.edu.bd/s/,349,0,0
1659068345669,2176,home,200,OK,Thread Group 1-6,text,true,,195695,124,10,10,http://www.bsmrstu.edu.bd/s/,345,0,0
1659068347443,439,eee,200,OK,Thread Group 1-3,text,true,,10823,138,10,10,http://www.bsmrstu.edu.bd/dev/dept/?id=eee,413,0,0
1659068347544,411,eee,200,OK,Thread Group 1-2,text,true,,10792,138,10,10,http://www.bsmrstu.edu.bd/dev/dept/?id=eee,397,0,0
1659068345972,2036,home,200,OK,Thread Group 1-7,text,true,,195695,124,10,10,http://www.bsmrstu.edu.bd/s/,516,0,0
1659068347416,666,allpages,200,OK,Thread Group 1-1,text,true,,52586,133,10,10,http://www.bsmrstu.edu.bd/dev/notice/,361,0,0
1659068347656,449,eee,200,OK,Thread Group 1-4,text,true,,10806,138,10,10,http://www.bsmrstu.edu.bd/dev/dept/?id=eee,427,0,0
1659068347718,393,cse,200,OK,Thread Group 1-5,text,false,Test failed: text expected to contain /20/,10105,138,10,10,http://www.bsmrstu.edu.bd/dev/dept/?id=cse,387,0,0
1659068347847,412,cse,200,OK,Thread Group 1-6,text,false,Test failed: text expected to contain /20/,10162,138,10,10,http://www.bsmrstu.edu.bd/dev/dept/?id=cse,412,0,0
1659068348009,347,cse,200,OK,Thread Group 1-7,text,false,Test failed: text expected to contain /20/,10166,138,10,10,http://www.bsmrstu.edu.bd/dev/dept/?id=cse,342,0,0
1659068346555,1833,home,200,OK,Thread Group 1-9,text,true,,195695,124,10,10,http://www.bsmrstu.edu.bd/s/,460,0,0
1659068346784,1733,home,200,OK,Thread Group 1-10,text,true,,195695,124,10,10,http://www.bsmrstu.edu.bd/s/,447,0,0
1659068348111,433,eee,200,OK,Thread Group 1-5,text,true,,10795,138,10,10,http://www.bsmrstu.edu.bd/dev/dept/?id=eee,419,0,0
1659068347956,666,allpages,200,OK,Thread Group 1-2,text,true,,52521,133,10,10,http://www.bsmrstu.edu.bd/dev/notice/,337,0,0
1659068348260,378,eee,200,OK,Thread Group 1-6,text,true,,10809,138,10,10,http://www.bsmrstu.edu.bd/dev/dept/?id=eee,363,0,0
1659068346161,2496,home,200,OK,Thread Group 1-8,text,true,,195695,124,10,10,http://www.bsmrstu.edu.bd/s/,519,0,0
1659068348357,359,eee,200,OK,Thread Group 1-7,text,true,,10940,138,10,10,http://www.bsmrstu.edu.bd/dev/dept/?id=eee,340,0,0
1659068348390,360,cse,200,OK,Thread Group 1-9,text,false,Test failed: text expected to contain /20/,10165,138,10,10,http://www.bsmrstu.edu.bd/dev/dept/?id=cse,350,0,0
1659068347883,917,allpages,200,OK,Thread Group 1-3,text,true,,53018,133,10,10,http://www.bsmrstu.edu.bd/dev/notice/,376,0,0
1659068348659,423,cse,200,OK,Thread Group 1-8,text,false,Test failed: text expected to contain /20/,10194,138,10,10,http://www.bsmrstu.edu.bd/dev/dept/?id=cse,405,0,0
1659068348106,978,allpages,200,OK,Thread Group 1-4,text,true,,53655,133,10,10,http://www.bsmrstu.edu.bd/dev/notice/,416,0,0
1659068348751,408,eee,200,OK,Thread Group 1-9,text,true,,10784,138,10,10,http://www.bsmrstu.edu.bd/dev/dept/?id=eee,396,0,0
1659068348545,719,allpages,200,OK,Thread Group 1-5,text,true,,52656,133,10,10,http://www.bsmrstu.edu.bd/dev/notice/,343,0,0
1659068348639,714,allpages,200,OK,Thread Group 1-6,text,true,,51322,133,10,10,http://www.bsmrstu.edu.bd/dev/notice/,370,0,0
1659068348518,872,cse,200,OK,Thread Group 1-10,text,false,Test failed: text expected to contain /20/,10160,138,10,10,http://www.bsmrstu.edu.bd/dev/dept/?id=cse,315,0,0
1659068348717,672,allpages,200,OK,Thread Group 1-7,text,true,,52396,133,10,10,http://www.bsmrstu.edu.bd/dev/notice/,371,0,0
1659068349082,394,eee,200,OK,Thread Group 1-8,text,true,,10809,138,10,10,http://www.bsmrstu.edu.bd/dev/dept/?id=eee,333,0,0
1659068348083,1450,home,200,OK,Thread Group 1-1,text,true,,195695,124,10,10,http://www.bsmrstu.edu.bd/s/,346,0,0
1659068349390,437,eee,200,OK,Thread Group 1-10,text,true,,10816,138,10,10,http://www.bsmrstu.edu.bd/dev/dept/?id=eee,424,0,0
1659068349160,884,allpages,200,OK,Thread Group 1-9,text,true,,52877,133,10,10,http://www.bsmrstu.edu.bd/dev/notice/,378,0,0
1659068349534,524,cse,200,OK,Thread Group 1-1,text,false,Test failed: text expected to contain /20/,10178,138,10,10,http://www.bsmrstu.edu.bd/dev/dept/?id=cse,510,0,0
1659068349477,1007,allpages,200,OK,Thread Group 1-8,text,true,,52593,133,10,10,http://www.bsmrstu.edu.bd/dev/notice/,508,0,0
1659068348623,1895,home,200,OK,Thread Group 1-2,text,true,,195695,124,10,10,http://www.bsmrstu.edu.bd/s/,346,0,0
1659068350059,506,eee,200,OK,Thread Group 1-1,text,true,,10819,138,10,10,http://www.bsmrstu.edu.bd/dev/dept/?id=eee,460,0,0
1659068349828,1004,allpages,200,OK,Thread Group 1-10,text,true,,52781,133,9,9,http://www.bsmrstu.edu.bd/dev/notice/,490,0,0
1659068348802,2106,home,200,OK,Thread Group 1-3,text,true,,195695,124,9,9,http://www.bsmrstu.edu.bd/s/,369,0,0
1659068349085,1832,home,200,OK,Thread Group 1-4,text,true,,195695,124,9,9,http://www.bsmrstu.edu.bd/s/,330,0,0
1659068350518,527,cse,200,OK,Thread Group 1-2,text,false,Test failed: text expected to contain /20/,10168,138,9,9,http://www.bsmrstu.edu.bd/dev/dept/?id=cse,510,0,0
1659068349390,1900,home,200,OK,Thread Group 1-7,text,true,,195695,124,9,9,http://www.bsmrstu.edu.bd/s/,473,0,0
1659068350909,439,cse,200,OK,Thread Group 1-3,text,false,Test failed: text expected to contain /20/,10186,138,9,9,http://www.bsmrstu.edu.bd/dev/dept/?id=cse,422,0,0
1659068349265,2198,home,200,OK,Thread Group 1-5,text,true,,195695,124,9,9,http://www.bsmrstu.edu.bd/s/,370,0,0
1659068349354,2146,home,200,OK,Thread Group 1-6,text,true,,195695,124,9,9,http://www.bsmrstu.edu.bd/s/,364,0,0
1659068351046,522,eee,200,OK,Thread Group 1-2,text,true,,10828,138,9,9,http://www.bsmrstu.edu.bd/dev/dept/?id=eee,503,0,0
1659068351291,367,cse,200,OK,Thread Group 1-7,text,false,Test failed: text expected to contain /20/,10166,138,8,8,http://www.bsmrstu.edu.bd/dev/dept/?id=cse,367,0,0
1659068350918,766,cse,200,OK,Thread Group 1-4,text,false,Test failed: text expected to contain /20/,10161,138,8,8,http://www.bsmrstu.edu.bd/dev/dept/?id=cse,451,0,0
1659068351349,345,eee,200,OK,Thread Group 1-3,text,true,,10837,138,8,8,http://www.bsmrstu.edu.bd/dev/dept/?id=eee,336,0,0
1659068350045,1680,home,200,OK,Thread Group 1-9,text,true,,195695,124,7,7,http://www.bsmrstu.edu.bd/s/,503,0,0
1659068351464,363,cse,200,OK,Thread Group 1-5,text,false,Test failed: text expected to contain /20/,10188,138,7,7,http://www.bsmrstu.edu.bd/dev/dept/?id=cse,363,0,0
1659068351501,371,cse,200,OK,Thread Group 1-6,text,false,Test failed: text expected to contain /20/,10292,138,7,7,http://www.bsmrstu.edu.bd/dev/dept/?id=cse,342,0,0
1659068351658,364,eee,200,OK,Thread Group 1-7,text,true,,10829,138,7,7,http://www.bsmrstu.edu.bd/dev/dept/?id=eee,364,0,0
1659068351685,374,eee,200,OK,Thread Group 1-4,text,true,,10817,138,6,6,http://www.bsmrstu.edu.bd/dev/dept/?id=eee,374,0,0
1659068351726,408,cse,200,OK,Thread Group 1-9,text,false,Test failed: text expected to contain /20/,10084,138,5,5,http://www.bsmrstu.edu.bd/dev/dept/?id=cse,408,0,0
1659068351872,369,eee,200,OK,Thread Group 1-6,text,true,,10819,138,5,5,http://www.bsmrstu.edu.bd/dev/dept/?id=eee,349,0,0
1659068351827,414,eee,200,OK,Thread Group 1-5,text,true,,10840,138,5,5,http://www.bsmrstu.edu.bd/dev/dept/?id=eee,394,0,0
1659068350484,2012,home,200,OK,Thread Group 1-8,text,true,,195695,124,3,3,http://www.bsmrstu.edu.bd/s/,494,0,0
1659068352134,368,eee,200,OK,Thread Group 1-9,text,true,,10828,138,3,3,http://www.bsmrstu.edu.bd/dev/dept/?id=eee,362,0,0
1659068350833,1693,home,200,OK,Thread Group 1-10,text,true,,195695,124,2,2,http://www.bsmrstu.edu.bd/s/,395,0,0
1659068352497,358,cse,200,OK,Thread Group 1-8,text,false,Test failed: text expected to contain /20/,10172,138,2,2,http://www.bsmrstu.edu.bd/dev/dept/?id=cse,358,0,0
1659068352527,343,cse,200,OK,Thread Group 1-10,text,false,Test failed: text expected to contain /20/,10185,138,2,2,http://www.bsmrstu.edu.bd/dev/dept/?id=cse,343,0,0
1659068352870,336,eee,200,OK,Thread Group 1-10,text,true,,10842,138,2,2,http://www.bsmrstu.edu.bd/dev/dept/?id=eee,335,0,0
1659068352855,369,eee,200,OK,Thread Group 1-8,text,true,,10798,138,1,1,http://www.bsmrstu.edu.bd/dev/dept/?id=eee,350,0,0
